City_ID,City,Country,Date,Lat,Lng,Max Temp,Humidity,Cloudiness,Wind Speed
0,Hamilton,US,2021-06-26 17:35:28,39.1834,-84.5333,86.02,67,40,1.01
1,Yellowknife,CA,2021-06-26 17:35:29,62.456,-114.3525,77.56,50,20,13.8
2,Mataura,NZ,2021-06-26 17:35:29,-46.1927,168.8643,45.48,96,100,2.59
3,East London,ZA,2021-06-26 17:33:49,-33.0153,27.9116,58.14,72,0,13.8
4,Omsukchan,RU,2021-06-26 17:35:29,62.5333,155.8,59.45,54,30,2.95
5,Albany,US,2021-06-26 17:30:35,42.6001,-73.9662,81.3,74,100,9.46
6,Necochea,AR,2021-06-26 17:35:30,-38.5473,-58.7368,53.04,54,100,13.33
7,Santa Rosa,PH,2021-06-26 17:33:54,14.3122,121.1114,84.18,83,72,2.73
8,Kongolo,CD,2021-06-26 17:35:30,-5.3833,27.0,78.49,30,10,3.89
9,Aklavik,CA,2021-06-26 17:35:31,68.2191,-135.0107,52.63,76,90,8.05
10,New Norfolk,AU,2021-06-26 17:35:31,-42.7826,147.0587,48.92,84,83,1.99
11,Hobart,AU,2021-06-26 17:35:31,-42.8794,147.3294,49.26,73,40,1.01
12,Bengkulu,ID,2021-06-26 17:35:32,-3.8004,102.2655,75.2,90,60,4.16
13,Ushuaia,AR,2021-06-26 17:35:32,-54.8,-68.3,40.66,70,0,0.0
14,Georgetown,MY,2021-06-26 17:31:50,5.4112,100.3354,80.89,84,20,3.0
15,Quatre Cocos,MU,2021-06-26 17:35:33,-20.2078,57.7625,68.11,85,61,8.99
16,Machala,EC,2021-06-26 17:35:33,-3.2667,-79.9667,77.31,78,90,6.91
17,Sao Joao Da Barra,BR,2021-06-26 17:35:34,-21.6403,-41.0511,78.89,66,58,13.42
18,Busselton,AU,2021-06-26 17:35:34,-33.65,115.3333,55.04,63,3,21.88
19,Wukari,NG,2021-06-26 17:35:34,7.85,9.7833,79.43,78,82,6.98
20,Mananjary,MG,2021-06-26 17:35:35,-21.2167,48.3333,66.65,85,0,5.59
21,Hualmay,PE,2021-06-26 17:35:35,-11.0964,-77.6139,67.51,71,38,10.07
22,Semnan,IR,2021-06-26 17:35:35,35.5729,53.3971,83.73,17,1,8.1
23,Broome,US,2021-06-26 17:35:36,42.2506,-75.833,85.62,64,1,3.0
24,Hilo,US,2021-06-26 17:35:36,19.7297,-155.09,78.8,90,90,3.44
25,Arlit,NE,2021-06-26 17:35:37,18.7369,7.3853,102.65,7,29,14.97
26,Sivas,TR,2021-06-26 17:35:37,39.7916,37.0019,65.03,72,40,16.11
27,Miles City,US,2021-06-26 17:33:11,46.4083,-105.8406,78.51,46,90,21.85
28,Pervomayskiy,RU,2021-06-26 17:35:37,53.2485,40.2871,81.12,79,44,4.03
29,Kodinsk,RU,2021-06-26 17:35:38,58.6881,99.1844,49.35,97,20,4.76
30,Atuona,PF,2021-06-26 17:35:38,-9.8,-139.0333,79.56,68,80,20.65
31,Saskylakh,RU,2021-06-26 17:35:38,71.9167,114.0833,45.16,59,83,6.67
32,Jamestown,US,2021-06-26 17:35:39,42.097,-79.2353,83.3,66,90,8.01
33,Avarua,CK,2021-06-26 17:35:39,-21.2078,-159.775,71.65,78,75,13.8
34,Thompson,CA,2021-06-26 17:35:39,55.7435,-97.8558,62.76,39,20,6.91
35,Kinarut,MY,2021-06-26 17:35:40,5.8231,116.0466,77.02,94,20,0.0
36,Pangnirtung,CA,2021-06-26 17:35:40,66.1451,-65.7125,48.2,71,90,18.41
37,Domoni,KM,2021-06-26 17:35:40,-12.2569,44.5319,74.79,71,8,4.09
38,Nikolskoye,RU,2021-06-26 17:35:41,59.7035,30.7861,75.78,79,28,3.96
39,Darnah,LY,2021-06-26 17:35:41,32.767,22.6367,83.34,51,0,15.28
40,Rio Gallegos,AR,2021-06-26 17:35:41,-51.6226,-69.2181,41.05,70,0,8.05
41,Krasnoselkup,RU,2021-06-26 17:35:42,65.7,82.4667,46.83,61,14,14.81
42,Kapaa,US,2021-06-26 17:34:34,22.0752,-159.319,77.18,81,1,6.91
43,Maryville,US,2021-06-26 17:31:27,35.7565,-83.9705,86.14,53,75,1.01
44,Fortuna,US,2021-06-26 17:32:46,40.5982,-124.1573,60.33,94,90,9.22
45,Katsuura,JP,2021-06-26 17:35:42,35.1333,140.3,75.11,82,100,7.09
46,Upernavik,GL,2021-06-26 17:35:43,72.7868,-56.1549,38.68,82,100,5.3
47,Jibuti,DJ,2021-06-26 17:35:43,11.5,42.5,89.13,37,61,11.3
48,Wagga Wagga,AU,2021-06-26 17:35:43,-35.1167,147.3667,43.21,100,90,0.0
49,Adrar,MR,2021-06-26 17:35:44,20.5022,-10.0711,106.99,7,28,8.41
50,Suzhou,CN,2021-06-26 17:35:44,31.3114,120.6181,76.93,83,100,1.66
51,Bluff,NZ,2021-06-26 17:35:44,-46.6,168.3333,45.81,92,82,8.16
52,Maua,BR,2021-06-26 17:31:52,-23.6678,-46.4614,79.09,56,76,5.41
53,Vila Franca Do Campo,PT,2021-06-26 17:35:45,37.7167,-25.4333,68.41,90,62,13.87
54,Izumo,JP,2021-06-26 17:35:45,35.3667,132.7667,71.55,80,100,4.05
55,Vaini,TO,2021-06-26 17:35:46,-21.2,-175.2,69.96,83,20,12.66
56,Ballina,AU,2021-06-26 17:35:46,-28.8667,153.5667,49.95,81,94,8.05
57,San Jose,US,2021-06-26 17:35:40,37.3394,-121.895,83.53,66,20,4.61
58,Arraial Do Cabo,BR,2021-06-26 17:35:46,-22.9661,-42.0278,78.76,73,0,19.57
59,Torbay,CA,2021-06-26 17:35:29,47.6666,-52.7314,72.75,51,75,23.02
60,Port Blair,IN,2021-06-26 17:35:47,11.6667,92.75,82.13,75,100,11.39
61,Pakxan,LA,2021-06-26 17:35:47,18.3778,103.6601,75.31,96,93,1.43
62,Barrow,US,2021-06-26 17:35:48,71.2906,-156.7887,39.22,93,90,13.8
63,Richards Bay,ZA,2021-06-26 17:35:48,-28.783,32.0377,64.31,63,0,3.56
64,Cape Town,ZA,2021-06-26 17:34:24,-33.9258,18.4232,58.1,74,40,1.99
65,Ribeira Grande,PT,2021-06-26 17:35:48,38.5167,-28.7,68.4,88,40,8.05
66,Talnakh,RU,2021-06-26 17:35:49,69.4865,88.3972,46.15,64,99,15.01
67,Port Elizabeth,ZA,2021-06-26 17:35:49,-33.918,25.5701,59.29,72,0,20.71
68,Airai,TL,2021-06-26 17:35:50,-8.9266,125.4092,58.37,94,53,3.87
69,Taloqan,AF,2021-06-26 17:35:50,36.7361,69.5345,76.78,21,0,4.7
70,Bambous Virieux,MU,2021-06-26 17:35:50,-20.3428,57.7575,68.25,94,75,8.05
71,Nova Londrina,BR,2021-06-26 17:35:51,-22.7658,-52.985,82.9,39,81,12.71
72,Ostrovnoy,RU,2021-06-26 17:35:51,68.0531,39.5131,46.11,85,74,6.6
73,Haines Junction,CA,2021-06-26 17:35:52,60.7522,-137.5108,55.35,71,100,3.44
74,Cherskiy,RU,2021-06-26 17:35:52,68.75,161.3,64.76,44,100,5.41
75,Pisco,PE,2021-06-26 17:35:52,-13.7,-76.2167,66.25,72,0,10.36
76,Sabang,ID,2021-06-26 17:35:53,5.8933,95.3214,78.67,85,92,27.49
77,Kaitangata,NZ,2021-06-26 17:35:53,-46.2817,169.8464,45.05,94,91,4.0
78,Salalah,OM,2021-06-26 17:35:54,17.0151,54.0924,82.49,83,75,8.05
79,Ewa Beach,US,2021-06-26 17:33:34,21.3156,-158.0072,78.01,73,1,4.61
80,Grindavik,IS,2021-06-26 17:35:54,63.8424,-22.4338,57.56,71,0,17.27
81,Beringovskiy,RU,2021-06-26 17:35:54,63.05,179.3167,40.35,74,20,7.25
82,Hithadhoo,MV,2021-06-26 17:35:55,-0.6,73.0833,82.96,72,98,14.16
83,Sinop,TR,2021-06-26 17:35:55,41.7711,34.8709,66.63,93,35,3.27
84,Ponta Do Sol,PT,2021-06-26 17:35:55,32.6667,-17.1,73.71,66,9,1.77
85,Itarema,BR,2021-06-26 17:35:56,-2.9248,-39.9167,84.06,62,30,10.2
86,Olafsvik,IS,2021-06-26 17:35:56,64.8945,-23.7142,50.88,75,8,12.95
87,Sept-Iles,CA,2021-06-26 17:34:58,50.2001,-66.3821,64.92,82,75,4.0
88,Nome,US,2021-06-26 17:31:45,64.5011,-165.4064,53.67,82,90,11.5
89,Rikitea,PF,2021-06-26 17:35:57,-23.1203,-134.9692,73.98,77,2,9.62
90,Yulara,AU,2021-06-26 17:35:57,-25.2406,130.9889,40.84,81,0,5.75
91,Port Lincoln,AU,2021-06-26 17:35:57,-34.7333,135.8667,54.91,86,83,7.78
92,Ilulissat,GL,2021-06-26 17:35:58,69.2167,-51.1,48.22,71,75,9.22
93,Gisborne,NZ,2021-06-26 17:35:58,-38.6533,178.0042,61.95,75,100,12.03
94,Darlington,GB,2021-06-26 17:35:58,54.5243,-1.5504,60.64,87,75,8.05
95,Shingu,JP,2021-06-26 17:35:59,33.7333,135.9833,70.92,87,100,3.58
96,Labuhan,ID,2021-06-26 17:35:59,-6.8844,112.2051,78.28,87,17,7.11
97,Olavarria,AR,2021-06-26 17:35:59,-36.8927,-60.3225,47.91,66,100,10.51
98,Bonavista,CA,2021-06-26 17:36:00,48.6499,-53.1147,75.2,65,83,13.02
99,Witu,KE,2021-06-26 17:36:00,-2.3889,40.4382,75.36,74,100,13.89
100,Bredasdorp,ZA,2021-06-26 17:36:00,-34.5322,20.0403,56.28,76,42,8.05
101,Souillac,MU,2021-06-26 17:36:01,-20.5167,57.5167,68.38,94,75,8.05
102,Nouadhibou,MR,2021-06-26 17:36:01,20.931,-17.0347,73.38,73,6,26.46
103,Margate,GB,2021-06-26 17:35:31,51.3813,1.3862,66.88,79,90,3.0
104,Maple Creek,CA,2021-06-26 17:36:02,49.9168,-109.4848,77.05,38,14,16.11
105,Sivac,RS,2021-06-26 17:36:02,45.7033,19.3822,82.35,58,0,6.13
106,Komsomolskiy,UZ,2021-06-26 17:36:02,40.4272,71.7189,79.52,25,1,2.3
107,Bokoro,TD,2021-06-26 17:36:03,12.3807,17.0568,100.2,21,48,4.32
108,Neiafu,TO,2021-06-26 17:36:03,-18.65,-173.9833,74.08,78,20,11.5
109,Butaritari,KI,2021-06-26 17:36:03,3.0707,172.7902,82.45,76,100,14.83
110,Myitkyina,MM,2021-06-26 17:36:04,25.3833,97.4,75.94,99,94,1.12
111,Sao Jose Da Coroa Grande,BR,2021-06-26 17:36:04,-8.8978,-35.1478,78.6,62,89,11.74
112,Sur,OM,2021-06-26 17:36:04,22.5667,59.5289,86.85,57,0,16.35
113,Warri,NG,2021-06-26 17:36:05,5.5167,5.75,75.22,91,100,4.43
114,Dwarka,IN,2021-06-26 17:36:05,22.2394,68.9678,84.51,67,73,16.62
115,Puerto Narino,CO,2021-06-26 17:36:06,-3.7703,-70.3831,89.55,47,38,2.75
116,Upington,ZA,2021-06-26 17:36:06,-28.4478,21.2561,52.18,46,0,3.44
117,Klaksvik,FO,2021-06-26 17:36:07,62.2266,-6.589,50.92,80,52,11.05
118,Vestmanna,FO,2021-06-26 17:36:07,62.1564,-7.1664,49.12,100,90,20.71
119,Hermanus,ZA,2021-06-26 17:36:07,-34.4187,19.2345,56.8,75,62,13.87
120,San Patricio,US,2021-06-26 17:36:08,28.017,-97.5169,94.01,57,38,18.68
121,General Roca,AR,2021-06-26 17:36:08,-39.0333,-67.5833,50.4,36,1,7.76
122,Deputatskiy,RU,2021-06-26 17:36:08,69.3,139.9,64.27,54,74,3.04
123,Allapalli,IN,2021-06-26 17:36:09,19.4167,80.0667,80.85,79,98,2.86
124,Chizhou,CN,2021-06-26 17:36:09,30.6578,117.4831,74.46,98,100,2.21
125,Port Hardy,CA,2021-06-26 17:36:09,50.6996,-127.4199,64.58,82,1,4.61
126,Caravelas,BR,2021-06-26 17:36:10,-17.7125,-39.2481,75.87,54,85,8.75
127,Tuktoyaktuk,CA,2021-06-26 17:36:10,69.4541,-133.0374,42.8,87,90,5.75
128,Hambantota,LK,2021-06-26 17:36:10,6.1241,81.1185,79.75,80,100,17.54
129,Kavieng,PG,2021-06-26 17:36:11,-2.5744,150.7967,81.21,77,83,6.49
130,Saint-Pierre,RE,2021-06-26 17:36:11,-21.3393,55.4781,71.24,81,20,8.05
131,Mangrol,IN,2021-06-26 17:36:11,21.1167,70.1167,83.79,73,93,15.08
132,Qaqortoq,GL,2021-06-26 17:36:12,60.7167,-46.0333,61.3,89,94,4.81
133,La Palma,US,2021-06-26 17:32:03,33.8464,-118.0467,93.9,65,20,1.99
134,Sitka,US,2021-06-26 17:36:12,57.0531,-135.33,55.29,94,90,0.0
135,Chumikan,RU,2021-06-26 17:36:13,54.7183,135.315,42.51,97,55,3.4
136,Saint-Augustin,CA,2021-06-26 17:36:13,51.226,-58.6502,61.57,85,100,17.31
137,Leningradskiy,RU,2021-06-26 17:36:13,69.3833,178.4167,46.35,57,61,5.23
138,Katangli,RU,2021-06-26 17:36:14,51.7102,143.2326,43.81,94,100,6.55
139,Guerrero Negro,MX,2021-06-26 17:36:14,27.9769,-114.0611,73.24,60,51,12.62
140,Bethel,US,2021-06-26 17:32:54,41.3712,-73.414,83.41,77,90,1.01
141,Sayaxche,GT,2021-06-26 17:36:15,16.5167,-90.1667,88.81,49,98,2.15
142,Acapulco,MX,2021-06-26 17:33:38,16.8634,-99.8901,76.82,83,90,5.75
143,Hauterive,FR,2021-06-26 17:36:15,46.0901,3.4459,79.56,66,86,3.94
144,Waitati,NZ,2021-06-26 17:36:15,-45.75,170.5667,49.8,92,97,4.27
145,Faanui,PF,2021-06-26 17:36:16,-16.4833,-151.75,80.46,77,9,9.33
146,Puerto Ayora,EC,2021-06-26 17:36:16,-0.7393,-90.3518,78.76,90,89,8.01
147,Moranbah,AU,2021-06-26 17:36:16,-22.0016,148.0466,53.37,88,100,13.73
148,Qaanaaq,GL,2021-06-26 17:36:17,77.484,-69.3632,40.42,72,31,3.83
149,Punta Arenas,CL,2021-06-26 17:36:17,-53.15,-70.9167,41.11,75,75,11.5
150,Gatesville,US,2021-06-26 17:36:17,31.4352,-97.7439,91.35,56,40,12.66
151,Nevsehir,TR,2021-06-26 17:36:18,38.9167,34.6667,74.41,36,20,8.05
152,Guayaramerin,BO,2021-06-26 17:36:18,-10.8368,-65.3614,87.85,58,40,4.61
153,Vanimo,PG,2021-06-26 17:36:18,-2.6741,141.3028,76.89,89,100,4.72
154,Grand-Santi,GF,2021-06-26 17:36:19,4.25,-54.3833,86.16,57,42,4.85
155,Perelyub,RU,2021-06-26 17:36:19,51.8667,50.3667,79.7,58,56,7.07
156,Lebu,CL,2021-06-26 17:36:19,-37.6167,-73.65,49.37,68,6,11.48
157,Victor Harbor,AU,2021-06-26 17:36:20,-35.5667,138.6167,55.99,92,80,1.01
158,Oeiras,BR,2021-06-26 17:36:20,-7.0253,-42.1311,95.18,24,3,6.98
159,Nur,PL,2021-06-26 17:36:20,52.6683,22.3221,71.78,82,58,8.28
160,Mahebourg,MU,2021-06-26 17:36:21,-20.4081,57.7,68.29,94,75,8.05
161,Saveh,IR,2021-06-26 17:36:21,35.0213,50.3566,88.34,10,0,8.37
162,Suntar,RU,2021-06-26 17:36:21,62.1444,117.6319,61.66,71,85,2.89
163,La Ronge,CA,2021-06-26 17:36:22,55.1001,-105.2842,79.02,44,75,5.75
164,Mar Del Plata,AR,2021-06-26 17:36:21,-38.0023,-57.5575,54.0,69,90,1.01
165,Laukaa,RU,2021-06-26 17:36:22,58.7372,29.8453,69.89,75,89,4.7
166,Bereda,ES,2021-06-26 17:36:22,43.2686,-7.5406,65.57,81,100,4.43
167,Ambilobe,MG,2021-06-26 17:36:23,-13.2,49.05,68.94,81,1,3.67
168,San Rafael,AR,2021-06-26 17:36:23,-34.6177,-68.3301,46.71,33,62,5.5
169,Tasiilaq,GL,2021-06-26 17:36:24,65.6145,-37.6368,51.96,61,80,4.74
170,Saint-Joseph,RE,2021-06-26 17:36:24,-21.3667,55.6167,70.16,79,23,8.59
171,Boa Vista,BR,2021-06-26 17:34:10,2.8197,-60.6733,85.98,58,75,6.91
172,Nelson Bay,AU,2021-06-26 17:36:24,-32.7167,152.15,51.01,90,0,14.14
173,Hami,CN,2021-06-26 17:36:25,42.8,93.45,83.12,18,99,11.79
174,Kodiak,US,2021-06-26 17:36:25,57.79,-152.4072,51.31,87,90,10.36
175,Codrington,AU,2021-06-26 17:36:25,-38.2667,141.9667,50.49,95,77,6.49
176,Alugan,PH,2021-06-26 17:36:26,12.2188,125.4808,80.19,78,75,4.59
177,Bintulu,MY,2021-06-26 17:36:26,3.1667,113.0333,77.41,100,40,3.44
178,Hukuntsi,BW,2021-06-26 17:36:27,-24.0,21.75,57.61,25,1,9.22
179,Vardo,NO,2021-06-26 17:36:27,70.3705,31.1107,46.56,81,100,3.24
180,Kruisfontein,ZA,2021-06-26 17:36:27,-34.0033,24.7314,56.88,70,8,16.75
181,Saldanha,ZA,2021-06-26 17:36:28,-33.0117,17.9442,57.25,73,73,5.84
182,Riyadh,SA,2021-06-26 17:36:28,24.6877,46.7219,100.54,8,19,8.1
183,Iquitos,PE,2021-06-26 17:36:28,-3.7481,-73.2472,87.84,58,40,4.61
184,Nizhniy Kuranakh,RU,2021-06-26 17:36:29,58.8353,125.4869,58.86,94,69,2.1
185,Norman Wells,CA,2021-06-26 17:36:29,65.282,-126.8329,73.44,49,20,5.75
186,Ishinomaki,JP,2021-06-26 17:36:30,38.4167,141.3,65.16,92,100,0.67
187,Roald,NO,2021-06-26 17:36:30,62.5833,6.1333,59.16,87,75,4.61
188,Clyde River,CA,2021-06-26 17:36:30,70.4692,-68.5914,35.83,93,90,26.46
189,Chuy,UY,2021-06-26 17:36:31,-33.6971,-53.4616,57.99,88,82,8.25
190,Itoman,JP,2021-06-26 17:36:31,26.1247,127.6694,80.62,94,75,12.66
191,Wonthaggi,AU,2021-06-26 17:36:31,-38.6044,145.5913,52.43,86,96,16.73
192,Tiksi,RU,2021-06-26 17:36:32,71.6872,128.8694,35.11,85,79,6.64
193,Chokurdakh,RU,2021-06-26 17:36:32,70.6333,147.9167,57.34,58,100,7.74
194,Husavik,IS,2021-06-26 17:36:33,66.0449,-17.3389,69.71,59,0,15.52
195,Los Llanos De Aridane,ES,2021-06-26 17:36:33,28.6585,-17.9182,69.12,76,20,13.8
196,La Libertad,EC,2021-06-26 17:36:33,-2.2333,-80.9,73.06,78,75,9.22
197,Gainesville,US,2021-06-26 17:36:34,29.6516,-82.3248,89.82,68,20,1.01
198,Giyon,ET,2021-06-26 17:36:34,8.5333,37.9833,56.93,89,100,2.01
199,Loandjili,CG,2021-06-26 17:36:34,-4.7561,11.8578,77.11,88,75,6.91
200,Lavrentiya,RU,2021-06-26 17:36:35,65.5833,-171.0,44.33,86,100,8.5
201,Constitucion,CL,2021-06-26 17:36:35,-35.3333,-72.4167,52.52,45,0,11.68
202,Smithers,CA,2021-06-26 17:34:05,54.7804,-127.1743,73.72,60,20,0.0
203,Carnarvon,AU,2021-06-26 17:36:35,-24.8667,113.6333,65.5,50,93,11.43
204,Victoria,HK,2021-06-26 17:33:56,22.2855,114.1577,86.38,88,92,1.01
205,Coquimbo,CL,2021-06-26 17:36:36,-29.9533,-71.3436,58.73,82,75,2.3
206,Kibaya,TZ,2021-06-26 17:36:36,-5.3,36.5667,55.76,83,18,5.97
207,Saint-Philippe,RE,2021-06-26 17:36:37,-21.3585,55.7679,71.15,81,37,10.74
208,Lerwick,GB,2021-06-26 17:36:37,60.1545,-1.1494,51.8,72,85,11.83
209,Visby,SE,2021-06-26 17:36:37,57.6409,18.296,69.06,82,20,5.75
210,Moree,AU,2021-06-26 17:36:37,-29.4667,149.85,39.22,93,0,4.61
211,Ilo,PE,2021-06-26 17:36:38,-17.6394,-71.3375,67.06,68,0,5.75
212,Ca Mau,VN,2021-06-26 17:36:38,9.1769,105.15,79.36,82,19,3.69
213,Geraldton,AU,2021-06-26 17:36:39,-28.7667,114.6,50.41,66,46,16.11
214,Kenai,US,2021-06-26 17:36:39,60.5544,-151.2583,54.14,66,75,0.0
215,Nyurba,RU,2021-06-26 17:36:39,63.2842,118.3319,60.19,92,59,1.36
216,Rio Grande,BR,2021-06-26 17:36:40,-32.035,-52.0986,59.11,98,100,13.13
217,Berdyaush,RU,2021-06-26 17:36:40,55.1619,59.1464,64.96,94,25,2.42
218,Longyearbyen,SJ,2021-06-26 17:36:40,78.2186,15.6401,44.44,76,0,8.05
219,Esperance,AU,2021-06-26 17:36:41,-33.8667,121.9,48.04,62,0,13.65
220,Brae,GB,2021-06-26 17:36:41,60.3964,-1.353,51.71,73,79,12.82
221,Lompoc,US,2021-06-26 17:36:41,34.6391,-120.4579,96.21,77,1,14.97
222,Tottori,JP,2021-06-26 17:36:42,35.5,134.2333,70.27,75,100,5.86
223,Aykhal,RU,2021-06-26 17:36:42,66.0,111.5,59.59,68,97,8.19
224,Mount Gambier,AU,2021-06-26 17:36:42,-37.8333,140.7667,48.11,100,75,5.75
225,Hidalgotitlan,MX,2021-06-26 17:36:43,17.7833,-94.6333,86.02,63,100,2.71
226,Dikson,RU,2021-06-26 17:36:43,73.5069,80.5464,31.77,90,87,3.42
227,San Severo,IT,2021-06-26 17:36:43,41.6897,15.376,87.4,44,7,5.19
228,Dejen,ET,2021-06-26 17:36:44,10.1667,38.1333,62.29,58,91,5.97
229,Pevek,RU,2021-06-26 17:36:44,69.7008,170.3133,41.14,60,100,8.25
230,Rawson,AR,2021-06-26 17:36:44,-43.3002,-65.1023,44.92,61,75,26.33
231,Port Alfred,ZA,2021-06-26 17:36:45,-33.5906,26.891,59.31,67,4,24.56
232,Araouane,ML,2021-06-26 17:36:45,18.9048,-3.5265,106.92,11,45,6.26
233,Filadelfia,US,2021-06-26 17:33:40,39.9523,-75.1638,87.19,67,75,5.99
234,Harper,LR,2021-06-26 17:36:45,4.375,-7.7169,78.35,85,100,6.64
235,Bolshoye Selo,RU,2021-06-26 17:36:46,57.7177,38.9334,68.94,89,89,4.05
236,Cabo San Lucas,MX,2021-06-26 17:35:09,22.8909,-109.9124,94.8,51,1,6.91
237,Lancaster,US,2021-06-26 17:36:46,40.2504,-76.2499,84.72,68,75,4.0
238,Touros,BR,2021-06-26 17:36:20,-5.1989,-35.4608,88.7,60,76,19.51
239,Kursumlija,RS,2021-06-26 17:36:47,43.1458,21.2686,77.02,95,90,2.75
240,Gamba,GA,2021-06-26 17:36:47,-2.65,10.0,73.36,90,100,6.17
241,Ixtapa,MX,2021-06-26 17:34:34,20.7,-105.2,81.63,69,75,5.75
242,Mitu,CO,2021-06-26 17:33:21,1.1983,-70.1733,78.28,94,50,2.08
243,Dingle,PH,2021-06-26 17:36:48,10.9995,122.6711,77.16,88,100,1.77
244,Iqaluit,CA,2021-06-26 17:36:48,63.7506,-68.5145,40.73,70,75,8.01
245,Shitkino,RU,2021-06-26 17:36:48,56.3703,98.3543,49.1,95,17,4.85
246,Portales,US,2021-06-26 17:36:49,34.1862,-103.3344,82.33,36,5,14.29
247,Sokolo,ML,2021-06-26 17:36:49,14.7328,-6.1219,100.58,24,29,10.02
248,Sibu,MY,2021-06-26 17:36:49,2.3,111.8167,79.11,94,40,2.3
249,Atambua,ID,2021-06-26 17:36:50,-9.1061,124.8925,71.78,88,58,5.14
250,Pandan,PH,2021-06-26 17:36:50,14.0453,124.1694,79.77,82,36,4.81
251,Selenduma,RU,2021-06-26 17:36:50,50.9131,106.2406,58.66,87,100,3.56
252,Mogadishu,SO,2021-06-26 17:36:51,2.0371,45.3438,77.36,84,17,17.54
253,Fomboni,KM,2021-06-26 17:36:51,-12.28,43.7425,77.92,64,0,8.59
254,Ketchikan,US,2021-06-26 17:36:51,55.3422,-131.6461,68.47,73,20,14.97
255,Daru,PG,2021-06-26 17:36:52,-9.0763,143.2092,76.15,88,96,11.77
256,Leiyang,CN,2021-06-26 17:36:52,26.4024,112.8591,79.25,85,100,6.08
257,Kikwit,CD,2021-06-26 17:36:52,-5.041,18.8162,85.53,28,65,0.18
258,Laiwu,CN,2021-06-26 17:36:53,36.1928,117.6569,73.65,79,11,3.4
259,Saint George,US,2021-06-26 17:33:20,37.1041,-113.5841,95.47,18,1,4.0
260,Omboue,GA,2021-06-26 17:36:53,-1.5746,9.2618,74.34,87,100,7.18
261,Oranjestad,AW,2021-06-26 17:36:53,12.524,-70.027,84.15,79,40,10.36
262,Mackay,AU,2021-06-26 17:36:54,-21.15,149.2,62.69,82,75,8.05
263,Korla,CN,2021-06-26 17:36:54,41.7597,86.1469,77.72,25,45,13.38
264,Tessalit,ML,2021-06-26 17:36:54,20.1986,1.0114,106.21,5,9,13.27
265,Usinsk,RU,2021-06-26 17:36:55,65.9939,57.5281,60.44,67,95,3.91
266,Taltal,CL,2021-06-26 17:36:55,-25.4,-70.4833,64.08,67,100,7.85
267,Hurghada,EG,2021-06-26 17:36:55,27.2574,33.8129,91.44,33,0,10.36
268,Isetskoye,RU,2021-06-26 17:36:56,56.4858,65.3226,62.78,97,95,4.54
269,Karratha,AU,2021-06-26 17:36:56,-20.7377,116.8463,63.95,44,52,9.8
270,Horta,PT,2021-06-26 17:36:57,38.5333,-28.6333,67.64,88,40,8.05
271,George Town,MY,2021-06-26 17:36:57,5.4112,100.3354,80.89,84,20,3.0
272,Sorong,ID,2021-06-26 17:36:57,-0.8833,131.25,79.18,82,100,3.27
273,Khatanga,RU,2021-06-26 17:36:58,71.9667,102.5,48.25,52,91,3.04
274,Buraydah,SA,2021-06-26 17:36:58,26.326,43.975,100.85,7,0,8.41
275,Provideniya,RU,2021-06-26 17:36:58,64.3833,-173.3,44.71,86,100,11.18
276,Boyolangu,ID,2021-06-26 17:36:59,-8.1181,111.8935,75.24,94,50,0.67
277,Kirakira,SB,2021-06-26 17:36:59,-10.4544,161.9205,78.69,81,96,13.33
278,Olinda,BR,2021-06-26 17:36:59,-8.0089,-34.8553,78.53,53,20,19.57
279,Chinhoyi,ZW,2021-06-26 17:37:00,-17.3667,30.2,62.78,37,0,3.83
280,Zwedru,LR,2021-06-26 17:37:00,6.0667,-8.1281,74.97,94,100,3.15
281,La Guacamaya,HN,2021-06-26 17:37:00,15.25,-87.8,78.75,45,82,0.81
282,Leh,IN,2021-06-26 17:37:01,34.1667,77.5833,55.24,45,64,5.82
283,Lorengau,PG,2021-06-26 17:37:01,-2.0226,147.2712,80.17,80,65,5.73
284,Cap Malheureux,MU,2021-06-26 17:37:02,-19.9842,57.6142,68.49,91,19,7.0
285,Batagay-Alyta,RU,2021-06-26 17:37:02,67.8006,130.4114,65.64,47,32,5.86
286,Pacific Grove,US,2021-06-26 17:32:58,36.6177,-121.9166,82.81,89,75,4.0
287,Namibe,AO,2021-06-26 17:37:03,-15.1961,12.1522,69.28,77,22,5.97
288,Tautira,PF,2021-06-26 17:37:04,-17.7333,-149.15,77.02,73,0,6.71
289,Naze,JP,2021-06-26 17:37:04,28.3667,129.4833,77.2,91,100,13.98
290,Ngunguru,NZ,2021-06-26 17:37:04,-35.6167,174.5,61.16,81,100,15.41
291,Tabou,CI,2021-06-26 17:37:05,4.423,-7.3528,78.21,85,100,6.35
292,Coihueco,CL,2021-06-26 17:37:05,-36.6167,-71.8333,45.34,71,0,12.66
293,Ogaminana,NG,2021-06-26 17:37:05,7.5946,6.2248,73.81,91,100,3.0
294,Sagarejo,GE,2021-06-26 17:37:06,41.734,45.3315,84.63,37,83,3.33
295,Santa Cruz,BO,2021-06-26 17:37:06,-17.8,-63.1667,82.45,57,75,25.32
296,Flinders,AU,2021-06-26 17:37:07,-34.5833,150.8552,54.18,64,0,1.99
297,Severo-Kurilsk,RU,2021-06-26 17:37:07,50.6789,156.125,43.81,93,71,13.96
298,Hasaki,JP,2021-06-26 17:37:07,35.7333,140.8333,70.29,85,100,7.76
299,Yurty,RU,2021-06-26 17:36:15,56.0498,97.6348,48.54,93,21,4.27
300,Khasan,RU,2021-06-26 17:37:08,42.4308,130.6434,63.36,95,73,2.82
301,Aqtobe,KZ,2021-06-26 17:34:47,50.2797,57.2072,82.49,39,0,2.24
302,Solwezi,ZM,2021-06-26 17:37:09,-12.1688,26.3894,59.41,47,1,2.86
303,Cedar City,US,2021-06-26 17:37:09,37.6775,-113.0619,83.39,20,1,9.22
304,Broken Hill,AU,2021-06-26 17:37:10,-31.95,141.4333,40.71,81,0,2.3
305,Baijiantan,CN,2021-06-26 17:37:10,45.6333,85.1833,67.39,51,88,12.33
306,Puteyets,RU,2021-06-26 17:37:10,65.1716,57.091,62.74,71,78,1.66
307,Benguela,AO,2021-06-26 17:37:11,-12.5763,13.4055,73.33,78,65,5.5
308,Makakilo City,US,2021-06-26 17:37:11,21.3469,-158.0858,76.6,73,1,4.61
309,Hazorasp,UZ,2021-06-26 17:37:11,41.3194,61.0742,82.24,13,0,7.31
310,Ibra,OM,2021-06-26 17:37:12,22.6906,58.5334,84.56,44,42,7.56
311,Havre-Saint-Pierre,CA,2021-06-26 17:35:05,50.2334,-63.5986,68.36,68,90,0.0
312,Portland,US,2021-06-26 17:35:30,45.5234,-122.6762,93.51,53,1,1.01
313,Kupang,ID,2021-06-26 17:37:12,-10.1667,123.5833,78.58,80,92,9.48
314,Paungde,MM,2021-06-26 17:37:13,18.4833,95.5,77.92,90,91,8.12
315,Fairbanks,US,2021-06-26 17:37:13,64.8378,-147.7164,65.23,59,75,6.91
316,Predejane,RS,2021-06-26 17:37:13,42.8294,22.1311,75.79,95,68,1.92
317,Hay River,CA,2021-06-26 17:37:14,60.8156,-115.7999,71.58,60,40,12.66
318,Caraquet,CA,2021-06-26 17:37:14,47.7941,-64.9386,71.22,70,100,7.83
319,Tilichiki,RU,2021-06-26 17:37:14,60.4667,166.1,48.63,87,81,3.42
320,Hirara,JP,2021-06-26 17:37:15,24.8,125.2833,82.33,84,95,22.64
321,Bedford,GB,2021-06-26 17:37:15,52.1346,-0.4663,69.58,72,89,7.38
322,Pouembout,NC,2021-06-26 17:37:15,-21.1333,164.9,68.32,83,90,5.03
323,Zarubino,RU,2021-06-26 17:37:16,42.63,131.0922,61.16,94,69,2.71
324,Port-Cartier,CA,2021-06-26 17:37:16,50.0334,-66.8654,64.62,98,100,3.76
325,Masumbwe,TZ,2021-06-26 17:37:17,-3.6333,32.1833,69.53,36,22,2.46
326,Tiarei,PF,2021-06-26 17:37:17,-17.5333,-149.3333,77.02,72,0,4.88
327,Khani,GE,2021-06-26 17:37:17,41.9563,42.9566,65.77,98,72,2.51
328,Te Anau,NZ,2021-06-26 17:37:18,-45.4167,167.7167,44.74,93,90,2.33
329,Gizo,SB,2021-06-26 17:37:18,-8.103,156.8419,80.91,79,93,3.11
330,Luderitz,NA,2021-06-26 17:37:18,-26.6481,15.1594,56.79,69,0,9.55
331,Oksfjord,NO,2021-06-26 17:37:19,70.2396,22.3479,51.87,81,100,2.8
332,Micheweni,TZ,2021-06-26 17:37:19,-4.9667,39.8333,74.37,74,2,11.21
333,Paracuru,BR,2021-06-26 17:37:19,-3.41,-39.0306,87.82,60,9,12.08
334,Mont-Dore,NC,2021-06-26 17:37:20,-22.2833,166.5833,73.0,99,79,8.63
335,Soe,ID,2021-06-26 17:37:20,-9.8607,124.284,66.87,90,96,4.68
336,Nalut,LY,2021-06-26 17:37:20,30.3333,10.85,100.58,8,42,8.39
337,Gualaceo,EC,2021-06-26 17:37:21,-2.9,-78.7833,65.86,71,40,6.64
338,Kurumkan,RU,2021-06-26 17:37:21,54.3,110.3,61.68,73,4,1.45
339,Key West,US,2021-06-26 17:35:35,24.5557,-81.7826,87.01,74,1,10.36
340,Cocobeach,GA,2021-06-26 17:37:22,1.0002,9.5823,78.73,84,96,10.47
341,Varadero,CU,2021-06-26 17:37:22,23.1536,-81.2514,86.76,66,99,11.5
342,Rawah,IQ,2021-06-26 17:37:23,34.4816,41.9093,98.96,12,0,10.16
343,Dalton,US,2021-06-26 17:37:23,34.7698,-84.9702,86.18,59,90,1.01
344,Tuburan,PH,2021-06-26 17:37:24,6.6439,122.2736,82.02,74,58,3.2
345,Berlevag,NO,2021-06-26 17:37:24,70.8578,29.0864,46.85,86,100,10.63
346,Kholodnyy,RU,2021-06-26 17:37:25,62.7167,147.95,59.2,53,15,1.21
347,Catabola,AO,2021-06-26 17:37:25,-12.15,17.2833,63.61,33,32,4.52
348,Snasa,NO,2021-06-26 17:37:26,64.2457,12.3778,60.06,59,100,6.82
349,Belmopan,BZ,2021-06-26 17:33:02,17.25,-88.7667,89.98,41,97,6.82
350,Black River,JM,2021-06-26 17:37:26,18.0264,-77.8487,86.99,65,59,10.11
351,Lagunas,PE,2021-06-26 17:37:27,-5.2269,-75.6753,86.31,63,17,3.91
352,Payo,ID,2021-06-26 17:37:27,-3.7508,103.6372,71.19,98,54,2.48
353,Cidreira,BR,2021-06-26 17:37:27,-30.1811,-50.2056,62.42,94,100,9.86
354,Pingzhuang,CN,2021-06-26 17:37:28,42.0372,119.2889,64.47,93,26,2.42
355,Mopipi,BW,2021-06-26 17:37:28,-21.1833,24.8833,64.58,26,0,0.81
356,Nandu,CN,2021-06-26 17:37:28,22.8525,110.8233,77.65,92,87,3.0
357,Ozernovskiy,RU,2021-06-26 17:37:29,51.5,156.5167,43.66,98,100,8.7
358,Southbridge,US,2021-06-26 17:34:15,42.0751,-72.0334,84.22,73,100,1.99
359,Yerbogachen,RU,2021-06-26 17:37:29,61.2767,108.0108,57.58,81,68,8.52
360,Pyapon,MM,2021-06-26 17:37:29,16.2833,95.6833,79.61,88,100,5.93
361,Cobija,BO,2021-06-26 17:37:30,-11.0267,-68.7692,89.78,58,75,9.22
362,Zlitan,LY,2021-06-26 17:37:30,32.4674,14.5687,86.22,45,8,11.99
363,Maarianhamina,AX,2021-06-26 17:37:30,60.0973,19.9348,62.46,72,0,8.05
364,Iwanai,JP,2021-06-26 17:37:31,42.9744,140.5089,57.56,86,68,3.13
365,Fort Nelson,CA,2021-06-26 17:37:31,58.8053,-122.7002,81.99,36,20,11.5
366,Castro,BR,2021-06-26 17:37:32,-24.7911,-50.0119,71.28,63,79,9.33
367,Bogoslovka,RU,2021-06-26 17:37:32,53.2084,44.8013,66.13,90,55,7.43
368,Abu Samrah,SY,2021-06-26 17:37:32,35.3029,37.1841,85.23,33,0,10.27
369,Pastavy,BY,2021-06-26 17:37:33,55.1168,26.8326,67.71,90,89,6.87
370,Kavaratti,IN,2021-06-26 17:37:33,10.5669,72.642,83.05,71,11,12.73
371,Sorland,NO,2021-06-26 17:37:33,67.667,12.6934,49.78,82,100,25.01
372,Northam,GB,2021-06-26 17:37:34,51.0333,-4.2167,64.62,74,65,8.19
373,Namuac,PH,2021-06-26 17:37:34,18.6109,121.1657,79.27,82,93,3.83
374,Lagoa,PT,2021-06-26 17:37:34,39.05,-27.9833,67.62,75,30,12.17
375,Kalanguy,RU,2021-06-26 17:37:35,51.0167,116.5167,60.96,83,93,1.88
376,Palembang,ID,2021-06-26 17:37:35,-2.9167,104.7458,74.71,96,52,2.82
377,Maceio,BR,2021-06-26 17:37:36,-9.6658,-35.7353,81.84,54,20,8.05
378,Narsaq,GL,2021-06-26 17:37:36,60.9167,-46.05,61.02,83,90,4.9
379,Evensk,RU,2021-06-26 17:37:36,61.95,159.2333,56.26,78,50,2.53
380,Lakes Entrance,AU,2021-06-26 17:37:37,-37.8811,147.981,48.58,70,39,12.77
381,Banjarmasin,ID,2021-06-26 17:37:37,-3.3244,114.591,74.89,94,52,2.82
382,Muros,ES,2021-06-26 17:37:38,42.7762,-9.0603,68.68,70,100,11.52
383,Canchungo,GW,2021-06-26 17:37:38,12.0672,-16.0333,87.87,90,83,11.95
384,Lubango,AO,2021-06-26 17:37:38,-14.9172,13.4925,60.35,33,45,4.92
385,Bluefield,US,2021-06-26 17:34:41,37.2698,-81.2223,81.36,61,100,1.99
386,Palmer,US,2021-06-26 17:37:39,42.1584,-72.3287,84.51,62,90,11.01
387,Djibo,BF,2021-06-26 17:37:39,14.1022,-1.6306,101.16,21,8,2.86
388,Corinto,GR,2021-06-26 17:33:59,37.9407,22.9573,96.84,44,4,3.09
389,Oktyabrskiy,RU,2021-06-26 17:37:40,54.4815,53.471,68.47,89,63,2.28
390,Doha,QA,2021-06-26 17:37:40,25.2867,51.5333,100.71,28,0,2.3
391,Yasothon,TH,2021-06-26 17:37:41,15.75,104.1333,82.09,73,94,8.08
392,Abha,SA,2021-06-26 17:37:41,18.2164,42.5053,80.42,6,0,17.27
393,Seidu,SL,2021-06-26 17:37:42,9.0167,-10.6,76.64,86,87,3.44
394,Yar-Sale,RU,2021-06-26 17:37:42,66.8333,70.8333,47.19,54,72,6.15
395,Mahibadhoo,MV,2021-06-26 17:37:42,3.7833,72.9667,82.98,73,99,12.73
396,Coahuayana,MX,2021-06-26 17:37:42,18.7333,-103.6833,87.28,86,100,3.71
397,Payakumbuh,ID,2021-06-26 17:37:43,-0.2202,100.6308,68.23,97,82,3.33
398,Port Hedland,AU,2021-06-26 17:37:43,-20.3167,118.5667,62.65,48,90,8.05
399,Monywa,MM,2021-06-26 17:37:44,22.1167,95.1333,87.04,62,73,17.69
400,Birin,NP,2021-06-26 17:37:44,26.8865,88.0718,65.1,95,96,2.46
401,Sola,VU,2021-06-26 17:37:45,-13.8833,167.55,78.96,76,43,23.17
402,Koutiala,ML,2021-06-26 17:37:45,12.3917,-5.4642,95.32,31,17,11.9
403,Cabatuan,PH,2021-06-26 17:37:45,10.8794,122.486,76.71,87,100,2.17
404,Petropavlovsk-Kamchatskiy,RU,2021-06-26 17:37:46,53.0452,158.6483,41.59,100,75,4.47
405,Viedma,AR,2021-06-26 17:37:46,-40.8135,-62.9967,48.45,60,93,21.47
406,Camoapa,NI,2021-06-26 17:37:46,12.3839,-85.5116,82.62,63,75,6.85
407,Koumac,NC,2021-06-26 17:37:47,-20.5667,164.2833,70.02,81,38,5.93
408,Aksu,CN,2021-06-26 17:37:47,41.1231,80.2644,77.05,29,2,8.99
409,Rabo De Peixe,PT,2021-06-26 17:37:47,37.8,-25.5833,67.51,100,75,10.36
410,Ust-Kuyga,RU,2021-06-26 17:37:48,70.0167,135.6,58.37,59,76,5.37
411,Baghdad,IQ,2021-06-26 17:36:08,33.3406,44.4009,102.11,16,0,2.3
412,Sault Sainte Marie,CA,2021-06-26 17:37:37,46.5168,-84.3333,70.09,82,90,3.44
413,Samarkand,UZ,2021-06-26 17:37:49,39.6542,66.9597,78.22,24,0,6.91
414,Zonguldak,TR,2021-06-26 17:37:49,41.25,31.8333,64.17,88,2,2.28
415,Rognan,NO,2021-06-26 17:37:49,67.0953,15.3878,52.75,78,100,5.35
416,Goundam,ML,2021-06-26 17:37:50,16.4145,-3.6708,93.38,32,35,18.95
417,Padang,ID,2021-06-26 17:37:50,-0.9492,100.3543,76.42,88,92,4.09
418,Rodniki,RU,2021-06-26 17:37:50,57.1051,41.7305,68.41,89,63,3.76
419,Gazojak,TM,2021-06-26 17:37:51,41.1875,61.4036,85.91,13,0,7.72
420,Znamenskoye,RU,2021-06-26 17:37:51,57.1281,73.8282,52.93,80,46,4.65
421,Srednekolymsk,RU,2021-06-26 17:37:51,67.45,153.6833,68.4,41,88,6.73
422,Coalinga,US,2021-06-26 17:37:52,36.1397,-120.3602,87.04,48,0,4.68
423,Marsh Harbour,BS,2021-06-26 17:35:28,26.5412,-77.0636,82.06,71,24,16.62
424,Camopi,GF,2021-06-26 17:37:52,3.1655,-52.3158,82.54,70,61,3.38
425,Chunskiy,RU,2021-06-26 17:37:53,56.0815,99.6342,51.78,84,29,2.62
426,Pakdasht,IR,2021-06-26 17:37:53,35.4752,51.6807,93.2,12,0,8.16
427,Ayagoz,KZ,2021-06-26 17:37:53,47.9714,80.4392,51.87,68,89,8.03
428,San Quintin,MX,2021-06-26 17:37:54,30.4833,-115.95,72.68,67,43,13.98
429,Les Cayes,HT,2021-06-26 17:37:54,18.2,-73.75,83.48,69,68,10.0
430,Sioux Lookout,CA,2021-06-26 17:37:54,50.1001,-91.917,71.98,73,75,5.75
431,Amga,RU,2021-06-26 17:37:55,60.8953,131.9608,58.17,66,92,2.24
432,Bambanglipuro,ID,2021-06-26 17:37:55,-7.95,110.2833,55.6,93,20,3.87
433,Sumbe,AO,2021-06-26 17:37:55,-11.2061,13.8437,72.27,90,32,5.79
434,Taguatinga,BR,2021-06-26 17:37:56,-12.3857,-46.5711,90.05,18,0,4.99
435,Sisimiut,GL,2021-06-26 17:37:56,66.9395,-53.6735,43.92,83,75,7.47
436,Awjilah,LY,2021-06-26 17:37:56,29.1081,21.2869,98.58,15,0,10.96
437,Sehithwa,BW,2021-06-26 17:37:57,-20.4667,22.7167,64.92,26,0,2.39
438,Catuday,PH,2021-06-26 17:37:57,16.2923,119.8062,80.58,78,55,3.31
439,Rochester,US,2021-06-26 17:34:28,43.1548,-77.6156,87.58,62,75,4.0
440,Muli,MV,2021-06-26 17:37:58,2.9167,73.5667,82.33,76,100,12.59
441,Kununurra,AU,2021-06-26 17:37:58,-15.7667,128.7333,69.78,37,92,10.36
442,Nizwa,OM,2021-06-26 17:37:58,22.9333,57.5333,89.94,34,72,6.44
443,Soyo,AO,2021-06-26 17:36:14,-6.1349,12.3689,74.25,89,64,7.18
444,Stonewall,CA,2021-06-26 17:37:59,50.1344,-97.3268,80.69,50,56,8.03
445,Vinukonda,IN,2021-06-26 17:37:59,16.05,79.75,85.35,63,100,8.46
446,Rafraf,TN,2021-06-26 17:37:59,37.1904,10.1837,80.91,53,89,21.09
447,Sibolga,ID,2021-06-26 17:38:00,1.7427,98.7792,75.38,89,58,3.87
448,Barda,AZ,2021-06-26 17:38:00,40.3744,47.1267,87.58,27,35,6.06
449,Matay,EG,2021-06-26 17:38:00,28.419,30.7792,93.25,23,0,8.1
450,Zyryanka,RU,2021-06-26 17:38:01,65.75,150.85,66.42,46,51,4.07
451,Coihaique,CL,2021-06-26 17:38:01,-45.5752,-72.0662,40.95,70,20,0.0
452,Ola,RU,2021-06-26 17:38:02,59.5833,151.2833,54.05,86,86,2.37
453,Shelburne,CA,2021-06-26 17:35:49,44.0787,-80.2041,74.57,85,100,15.23
454,Ramjibanpur,IN,2021-06-26 17:38:03,22.8333,87.6167,82.74,83,40,8.86
455,Borovoy,RU,2021-06-26 17:38:03,55.4333,86.0833,52.88,93,0,6.71
456,Fort Wellington,GY,2021-06-26 17:38:03,6.4,-57.6,83.07,71,21,9.37
457,Gurupi,BR,2021-06-26 17:34:55,-11.7292,-49.0686,93.6,17,0,6.46
458,Pilikwe,BW,2021-06-26 17:38:04,-22.799,27.1938,65.55,24,0,6.29
459,Lasa,IT,2021-06-26 17:38:04,46.6166,10.7002,76.91,82,78,2.53
460,Taoudenni,ML,2021-06-26 17:38:05,22.6783,-3.9836,114.04,5,4,5.99
461,Grand Gaube,MU,2021-06-26 17:38:05,-20.0064,57.6608,68.4,91,25,7.0
462,Fukue,JP,2021-06-26 17:38:05,32.6881,128.8419,70.03,88,100,11.77
463,Ahipara,NZ,2021-06-26 17:38:06,-35.1667,173.1667,60.48,88,100,12.17
464,Gorontalo,ID,2021-06-26 17:38:06,0.5412,123.0595,73.92,95,100,2.26
465,Tuatapere,NZ,2021-06-26 17:38:06,-46.1333,167.6833,45.82,93,100,3.2
466,Ulladulla,AU,2021-06-26 17:38:07,-35.35,150.4667,52.09,80,0,6.4
467,Lishui,CN,2021-06-26 17:38:08,28.4604,119.9103,76.1,97,100,2.04
468,Bathsheba,BB,2021-06-26 17:38:08,13.2167,-59.5167,88.41,51,40,24.16
469,Forio,IT,2021-06-26 17:33:26,40.7342,13.8646,86.29,76,21,11.99
470,Toyooka,JP,2021-06-26 17:38:08,35.5333,134.8333,67.62,87,100,5.23
471,Mtambile,TZ,2021-06-26 17:38:09,-5.3833,39.7,75.24,71,2,11.72
472,Paamiut,GL,2021-06-26 17:38:09,61.994,-49.6678,43.12,98,96,9.6
473,Reshetylivka,UA,2021-06-26 17:38:09,49.565,34.0782,76.95,72,49,6.89
474,San Matias,BO,2021-06-26 17:38:10,-16.3667,-58.4,97.68,22,21,8.08
475,Muhos,FI,2021-06-26 17:38:10,64.808,25.9931,64.89,63,13,4.85
476,Burnie,AU,2021-06-26 17:38:11,-41.0667,145.9167,46.92,71,76,13.6
477,Bria,CF,2021-06-26 17:38:11,6.5423,21.9863,72.09,89,62,3.69
478,Soverato,IT,2021-06-26 17:38:11,38.685,16.5499,91.31,55,58,10.51
479,Pala,TD,2021-06-26 17:38:12,9.3642,14.9046,87.75,39,74,8.79
480,Kamenka,RU,2021-06-26 17:38:12,51.3223,42.7678,75.65,62,5,6.06
481,Pedernales,DO,2021-06-26 17:38:12,18.0384,-71.744,86.27,58,67,6.04
482,Ahuimanu,US,2021-06-26 17:38:13,21.4447,-157.8378,77.77,76,1,0.0
483,Jishou,CN,2021-06-26 17:38:13,28.3167,109.7167,76.91,95,100,1.1
484,Promyshlennyy,RU,2021-06-26 17:38:14,67.5833,63.9167,54.07,63,99,8.63
485,Progreso,MX,2021-06-26 17:38:14,21.2833,-89.6667,92.1,52,100,3.85
486,El Alto,PE,2021-06-26 17:38:14,-4.2714,-81.2147,73.06,68,2,14.85
487,Atar,MR,2021-06-26 17:38:15,20.5169,-13.0499,108.41,8,21,14.12
488,Kyshtovka,RU,2021-06-26 17:38:15,56.555,76.6271,57.45,71,100,5.7
489,Anadyr,RU,2021-06-26 17:38:16,64.75,177.4833,43.3,70,75,5.99
490,Prieska,ZA,2021-06-26 17:38:16,-29.6641,22.7474,47.21,53,3,5.95
491,Kharitonovo,RU,2021-06-26 17:38:16,61.4009,47.4978,69.12,66,15,3.15
492,Wanaka,NZ,2021-06-26 17:38:17,-44.7,169.15,40.1,99,53,5.01
493,Polunochnoye,RU,2021-06-26 17:38:17,60.8697,60.4153,55.78,94,94,3.94
494,Mafeteng,LS,2021-06-26 17:38:17,-29.823,27.2374,37.71,52,2,3.09
495,Tamandare,BR,2021-06-26 17:38:18,-8.7597,-35.1047,79.09,60,92,11.81
496,Torres,BR,2021-06-26 17:35:40,-29.3353,-49.7269,66.61,84,100,8.01
497,Iskateley,RU,2021-06-26 17:38:18,67.6803,53.1512,54.37,72,61,12.39
498,Henties Bay,NA,2021-06-26 17:38:19,-22.116,14.2845,60.28,73,4,8.57
499,Tezu,IN,2021-06-26 17:38:19,27.9167,96.1667,76.8,98,94,2.13
500,Ambon,ID,2021-06-26 17:38:20,-3.6954,128.1814,79.57,84,86,7.96
501,Guiratinga,BR,2021-06-26 17:38:20,-16.3494,-53.7583,88.18,24,7,7.7
502,Sohag,EG,2021-06-26 17:38:20,26.557,31.6948,97.09,17,0,8.9
503,Maumere,ID,2021-06-26 17:38:21,-8.6199,122.2111,78.67,82,95,1.12
504,Valparaiso,CL,2021-06-26 17:37:31,-33.0393,-71.6273,58.64,58,0,9.22
505,Maldonado,UY,2021-06-26 17:38:21,-34.6667,-54.9167,60.22,69,69,6.76
506,Sampit,ID,2021-06-26 17:38:22,-2.5333,112.95,73.81,99,19,1.59
507,Hofn,IS,2021-06-26 17:38:22,64.2539,-15.2082,60.89,48,1,8.97
508,Gatton,AU,2021-06-26 17:38:22,-27.55,152.2833,55.4,73,92,4.45
509,Najran,SA,2021-06-26 17:38:23,17.4924,44.1277,88.45,10,95,4.76
510,Sturgis,US,2021-06-26 17:38:23,41.7992,-85.4192,80.89,53,90,12.66
511,Fare,PF,2021-06-26 17:38:24,-16.7,-151.0167,80.8,74,12,7.78
512,Puerto Baquerizo Moreno,EC,2021-06-26 17:38:24,-0.9,-89.6,77.99,73,75,12.17
513,Meulaboh,ID,2021-06-26 17:38:24,4.1363,96.1285,75.65,90,97,4.5
514,Conde,BR,2021-06-26 17:38:25,-7.2597,-34.9075,83.66,61,20,13.8
515,Petalcingo,MX,2021-06-26 17:38:25,17.2833,-92.45,63.43,52,100,3.53
516,Carutapera,BR,2021-06-26 17:38:25,-1.195,-46.02,81.75,76,37,6.51
517,Dolores,AR,2021-06-26 17:38:26,-36.3132,-57.6792,45.05,87,100,15.17
518,Nanortalik,GL,2021-06-26 17:38:26,60.1432,-45.2371,47.73,88,75,2.66
519,Van,TR,2021-06-26 17:38:27,38.4924,43.3831,72.75,35,20,0.0
520,Rybnaya Sloboda,RU,2021-06-26 17:38:27,55.4613,50.1409,82.38,79,95,2.01
521,Saint-Georges,GD,2021-06-26 17:35:28,12.0564,-61.7485,83.88,79,40,23.02
522,Podosinovets,RU,2021-06-26 17:38:27,60.2776,47.0659,67.37,77,13,5.55
523,Mokhsogollokh,RU,2021-06-26 17:38:28,61.4681,128.9203,60.71,63,98,2.15
524,Sayyan,YE,2021-06-26 17:38:28,15.1718,44.3244,69.3,42,100,5.53
525,Saurimo,AO,2021-06-26 17:38:28,-9.6608,20.3916,69.62,36,0,4.23
526,Ilhabela,BR,2021-06-26 17:38:29,-23.7781,-45.3581,73.31,71,58,4.83
527,Bacolod,PH,2021-06-26 17:38:29,10.6667,122.95,78.03,84,99,2.44
528,Sarnia,CA,2021-06-26 17:34:02,42.9787,-82.4041,78.76,78,90,8.01
529,Alice Springs,AU,2021-06-26 17:38:30,-23.7,133.8833,33.35,100,0,0.0
530,Karasburg,NA,2021-06-26 17:38:30,-28.0167,18.75,52.72,39,0,10.18
531,Thinadhoo,MV,2021-06-26 17:38:30,0.5333,72.9333,82.62,74,93,12.41
532,Vysokogornyy,RU,2021-06-26 17:38:31,50.1167,139.15,53.83,99,100,2.8
533,Palauig,PH,2021-06-26 17:38:31,15.435,119.9045,80.64,80,72,1.97
534,Kangaatsiaq,GL,2021-06-26 17:38:32,68.3065,-53.4641,39.96,84,100,15.93
535,Zhangye,CN,2021-06-26 17:38:32,38.9342,100.4517,75.16,41,1,5.73
536,Champerico,GT,2021-06-26 17:38:32,14.3,-91.9167,92.35,65,99,1.7
537,Fernie,CA,2021-06-26 17:38:33,49.5,-115.0687,79.77,35,1,3.24
538,Den Helder,NL,2021-06-26 17:38:33,52.9599,4.7593,71.98,82,20,13.0
539,Along,IN,2021-06-26 17:38:34,28.1667,94.7667,74.89,99,96,0.65
540,Shemysheyka,RU,2021-06-26 17:38:34,52.892,45.3928,65.23,93,96,6.04
541,Usak,TR,2021-06-26 17:38:35,38.5,29.4167,75.43,42,0,8.81
542,Entebbe,UG,2021-06-26 17:38:35,0.0644,32.4469,75.52,69,20,8.05
543,Opuwo,NA,2021-06-26 17:38:35,-18.0607,13.84,64.9,27,3,3.65
544,Wanning,CN,2021-06-26 17:38:36,18.8003,110.3967,81.75,92,95,9.73
545,Zhigansk,RU,2021-06-26 17:38:36,66.7697,123.3711,59.99,83,100,7.11
546,Roma,US,2021-06-26 17:38:36,43.2128,-75.4557,83.12,68,90,8.05
547,Tupanatinga,BR,2021-06-26 17:38:37,-8.7533,-37.3397,75.13,47,14,13.65
548,Vila Velha,BR,2021-06-26 17:37:54,-20.3297,-40.2925,76.95,61,40,8.05
549,Manzanillo,CU,2021-06-26 17:38:37,20.3433,-77.1167,87.08,59,8,2.04
550,Gouyave,GD,2021-06-26 17:38:38,12.1646,-61.7296,83.17,79,40,23.02
551,Port Keats,AU,2021-06-26 17:38:38,-14.25,129.55,69.62,54,66,11.79
552,Novopavlovka,RU,2021-06-26 17:38:39,51.2172,109.2091,59.45,79,58,3.02
553,Gobabis,NA,2021-06-26 17:38:39,-22.45,18.9667,60.78,19,1,6.2
554,Hokitika,NZ,2021-06-26 17:38:40,-42.7167,170.9667,52.48,92,75,2.55
555,Caconda,AO,2021-06-26 17:38:40,-13.7333,15.0667,61.86,28,30,2.08
556,Kapuskasing,CA,2021-06-26 17:37:11,49.4169,-82.4331,80.69,57,90,4.61
557,Wilmington,US,2021-06-26 17:36:28,34.2257,-77.9447,88.93,75,75,11.5
558,Hervey Bay,AU,2021-06-26 17:38:41,-25.2986,152.8535,56.01,92,100,1.01
559,Le Port,RE,2021-06-26 17:38:41,-20.9373,55.2919,71.56,94,5,4.0
560,Arona,ES,2021-06-26 17:38:42,28.0996,-16.681,70.11,60,20,5.99
561,Boddam,GB,2021-06-26 17:38:42,57.4667,-1.7833,60.39,79,100,6.96
562,San Felipe,VE,2021-06-26 17:38:42,10.3399,-68.7425,83.08,71,96,3.09
563,Turayf,SA,2021-06-26 17:38:43,31.6725,38.6637,95.25,20,0,9.22
